{
  "project_info": {
    "project_number": "882810369800",
    "firebase_url": "https://citric-gradient-258517.firebaseio.com",
    "project_id": "citric-gradient-258517",
    "storage_bucket": "citric-gradient-258517.appspot.com"
  },
  "client": [
    {
      "client_info": {
        "mobilesdk_app_id": "1:882810369800:android:30e318fe7533cc8b125ebd",
        "android_client_info": {
          "package_name": "com.example.leftoverapp"
        }
      },
      "oauth_client": [
        {
          "client_id": "882810369800-s3g0i2351ia8rtsseqvod4stsjn5m33m.apps.googleusercontent.com",
          "client_type": 3
        }
      ],
      "api_key": [
        {
          "current_key": "AIzaSyBexpk3TEKfyI-bkO9q8PnN-AhiHU_OrRc"
        }
      ],
      "services": {
        "appinvite_service": {
          "other_platform_oauth_client": [
            {
              "client_id": "882810369800-s3g0i2351ia8rtsseqvod4stsjn5m33m.apps.googleusercontent.com",
              "client_type": 3
            }
          ]
        }
      }
    }
  ],
  "configuration_version": "1"
}